Mutant,True_DDG,Predicted_DDG,Absolute_Error
172L_A_mutant_C3I.pdb,-0.4,0.13789622,0.5378962
149L_A_mutant_L3I.pdb,0.85,1.9279598,1.0779598
1BAN_A_mutant_A91S.pdb,-1.38,-1.8423244,0.46232438
1BAO_A_mutant_F78Y.pdb,-1.4,-1.5936086,0.19360864
1BNI_A_mutant_F7L.pdb,4.6,4.0161414,0.5838585
1BNI_A_mutant_I76V.pdb,0.8,0.8188435,0.018843472
1BNI_A_mutant_I88V.pdb,1.47,1.5191519,0.049151897
1BNI_A_mutant_I96A.pdb,3.33,3.1168776,0.21312237
1BNI_A_mutant_L89V.pdb,0.3,0.29316884,0.006831169
150L_A_mutant_I6M.pdb,-1.38,-1.8861034,0.5061034
1BNI_A_mutant_T26A.pdb,2.11,1.1714164,0.9385835
1BNI_A_mutant_Y78F.pdb,1.4,1.701448,0.301448
1BPI_A_mutant_F22A.pdb,1.2,1.2226831,0.022683024
1BPI_A_mutant_F45A.pdb,6.9,4.1644077,2.7355924
1BPI_A_mutant_Y35G.pdb,5.0,4.963151,0.036849022
1BNI_A_mutant_S91A.pdb,1.38,1.7745315,0.3945315
1BNS_A_mutant_A26T.pdb,-2.11,-0.785084,1.3249159
1BRG_A_mutant_L7F.pdb,-4.6,-3.1675282,1.4324718
1BRK_A_mutant_A96I.pdb,-3.33,-2.9742477,0.35575223
1BTI_A_mutant_A22F.pdb,-1.2,-1.1546735,0.04532659
1BSB_A_mutant_V76I.pdb,-0.8,-0.63188815,0.16811186
1FAN_A_mutant_A45F.pdb,-6.9,-3.9347284,2.9652717
1BSE_A_mutant_V89L.pdb,-0.3,-0.7921525,0.4921525
1GAY_A_mutant_G2V.pdb,-2.3,-2.0874562,0.21254373
1GAZ_A_mutant_I2V.pdb,1.1,1.3824044,0.28240442
1GB2_A_mutant_M2V.pdb,-0.31,-0.24160057,0.06839943
1GB3_A_mutant_F2V.pdb,-0.86,-0.66836715,0.19163287
1GF9_A_mutant_Y2V.pdb,-0.36,-0.30083,0.059170008
1GFA_A_mutant_D2V.pdb,-1.44,-1.384943,0.05505705
1GFE_A_mutant_N2V.pdb,-1.34,-1.2136614,0.1263386
1GFG_A_mutant_R2V.pdb,-0.38,-0.33796987,0.042030126
1GFH_A_mutant_Y74V.pdb,-0.24,0.39817637,0.6381764
1GFK_A_mutant_N74V.pdb,-0.33,-0.2823748,0.047625214
1GFJ_A_mutant_D74V.pdb,-0.43,-0.166278,0.263722
1GF8_A_mutant_S2V.pdb,-1.41,-1.4437418,0.03374183
1GFT_A_mutant_Y110V.pdb,-0.14,-0.020942792,0.11905721
1BSC_A_mutant_V88I.pdb,-1.47,-1.721357,0.25135696
1KVA_A_mutant_A134D.pdb,1.51,1.6095171,0.09951711
1L08_A_mutant_G157T.pdb,-1.1,-1.532706,0.432706
1L16_A_mutant_D156G.pdb,-1.4,-1.7990997,0.3990997
1L33_A_mutant_A131V.pdb,0.27,0.24938583,0.020614177
1L52_A_mutant_S152T.pdb,-2.6,-1.4166341,1.1833658
1LZ1_A_mutant_I56A.pdb,3.71,3.7109199,0.0009198189
1LAW_A_mutant_I74V.pdb,0.7,0.6090416,0.09095842
1LZ1_A_mutant_V125A.pdb,1.6,1.1843075,0.41569257
1LZ1_A_mutant_V93A.pdb,1.0,0.97263527,0.02736473
1LZ1_A_mutant_C77A.pdb,4.6,4.2033663,0.39663363
1LZ1_A_mutant_D91P.pdb,0.4,0.52482176,0.12482175
1LZ1_A_mutant_I106A.pdb,0.93,2.113816,1.183816
1LZ1_A_mutant_I106V.pdb,0.98,0.7733278,0.20667219
1LZ1_A_mutant_I23A.pdb,2.54,2.5274844,0.012515545
1LZ1_A_mutant_I23V.pdb,0.41,0.60576046,0.19576046
1LZ1_A_mutant_I56T.pdb,3.64,4.3949986,0.75499845
1LZ1_A_mutant_I56V.pdb,1.2,1.1371258,0.0628742
1LZ1_A_mutant_I59A.pdb,1.72,1.5102899,0.20971012
1LZ1_A_mutant_I59G.pdb,3.83,3.5755656,0.25443435
1LZ1_A_mutant_I59V.pdb,1.1,0.9342762,0.1657238
1LZ1_A_mutant_I89A.pdb,2.7,2.596912,0.10308814
1LZ1_A_mutant_I89V.pdb,0.48,0.6298647,0.1498647
1LZ1_A_mutant_P71G.pdb,1.6,-0.2732479,1.8732479
1LZ1_A_mutant_V100A.pdb,0.57,0.5709568,0.00095683336
1LZ1_A_mutant_V110A.pdb,-0.53,-0.19278021,0.33721977
1LZ1_A_mutant_V110D.pdb,-0.17,-0.12875389,0.041246116
1LZ1_A_mutant_V110P.pdb,-0.5,-0.25871807,0.24128193
1LZ1_A_mutant_V110R.pdb,-0.89,-0.6796262,0.21037376
1LZ1_A_mutant_V110Y.pdb,0.14,0.16052806,0.020528063
1LZ1_A_mutant_V121A.pdb,1.75,1.497153,0.25284696
1LZ1_A_mutant_V130A.pdb,1.12,0.70026815,0.41973186
1LZ1_A_mutant_V2A.pdb,1.51,1.4436538,0.06634617
1LZ1_A_mutant_V2D.pdb,1.44,1.3113508,0.12864923
1LZ1_A_mutant_V2F.pdb,0.86,0.75716674,0.10283327
1LZ1_A_mutant_V2G.pdb,2.3,2.0523891,0.2476108
1LZ1_A_mutant_V2I.pdb,-1.1,-1.4769089,0.3769089
1LZ1_A_mutant_V2M.pdb,0.31,0.22444281,0.08555719
1LZ1_A_mutant_V2N.pdb,1.34,1.1973016,0.1426984
1LZ1_A_mutant_V2R.pdb,0.38,0.32620925,0.053790748
1LZ1_A_mutant_V2S.pdb,1.41,1.415978,0.0059779882
1LZ1_A_mutant_V2Y.pdb,0.36,0.23173586,0.12826416
1LZ1_A_mutant_V74A.pdb,0.43,0.34531832,0.08468169
1LZ1_A_mutant_V74D.pdb,0.43,0.51227045,0.08227044
1LZ1_A_mutant_V74N.pdb,0.33,0.30169678,0.028303236
1LZ1_A_mutant_V74Y.pdb,0.24,0.20446807,0.035531923
1LZ1_A_mutant_V99A.pdb,0.89,0.8159667,0.07403326
1LZ1_A_mutant_Y124F.pdb,0.36,0.29623827,0.06376174
1LZ1_A_mutant_Y20F.pdb,0.5,0.46553,0.034469992
1LZ1_A_mutant_Y38F.pdb,0.19,-0.04047214,0.23047213
1LZ1_A_mutant_Y54F.pdb,0.96,0.97590566,0.015905678
1LZ1_A_mutant_Y63F.pdb,0.24,0.16653775,0.07346225
1OUG_A_mutant_A2V.pdb,-1.51,-1.4598899,0.0501101
2LZM_A_mutant_D20N.pdb,-1.3,0.050152138,1.3501521
2LZM_A_mutant_M102K.pdb,6.9,5.227185,1.6728153
2LZM_A_mutant_T157D.pdb,1.1,1.7741964,0.67419636
2LZM_A_mutant_A82P.pdb,-0.45,1.1231744,1.5731745
2LZM_A_mutant_A98V.pdb,4.9,4.7195992,0.18040085
2LZM_A_mutant_D20A.pdb,0.3,1.0490422,0.7490422
1VAR_A_mutant_T58I.pdb,-2.7,-2.9612584,0.26125836
2LZM_A_mutant_D20S.pdb,-0.7,0.5592941,1.259294
2LZM_A_mutant_E11H.pdb,-0.1,-0.6910075,0.5910075
2LZM_A_mutant_F67A.pdb,1.9,2.7418785,0.84187853
2LZM_A_mutant_G113A.pdb,-0.3,-0.56276023,0.26276022
2LZM_A_mutant_G156D.pdb,1.4,1.3166648,0.08333516
2LZM_A_mutant_G77A.pdb,0.4,0.074134395,0.32586563
2LZM_A_mutant_I3C.pdb,0.4,-0.038435873,0.43843588
2LZM_A_mutant_I3L.pdb,-0.85,-0.88623774,0.036237717
2LZM_A_mutant_I3V.pdb,0.4,0.47429588,0.07429588
2LZM_A_mutant_I3Y.pdb,2.3,2.6139681,0.31396818
2LZM_A_mutant_I50A.pdb,2.0,1.8930943,0.1069057
2LZM_A_mutant_K135E.pdb,0.2,0.39995512,0.19995512
2LZM_A_mutant_K16E.pdb,0.5,-0.53390265,1.0339026
2LZM_A_mutant_K60P.pdb,-0.1,-0.29218513,0.19218513
2LZM_A_mutant_L84A.pdb,3.9,2.6894197,1.2105803
2LZM_A_mutant_M6I.pdb,1.38,3.2042732,1.8242732
2LZM_A_mutant_M6L.pdb,2.8,1.0939182,1.7060817
2LZM_A_mutant_N144D.pdb,-0.4,-0.2805346,0.11946541
2LZM_A_mutant_N144E.pdb,-0.5,-0.5467129,0.046712875
2LZM_A_mutant_N55G.pdb,0.5,0.5273081,0.027308106
2LZM_A_mutant_Q105A.pdb,0.6,0.85852623,0.2585262
2LZM_A_mutant_Q105E.pdb,1.1,0.50152206,0.59847796
2LZM_A_mutant_Q105G.pdb,1.5,2.2621908,0.7621908
2LZM_A_mutant_Q123E.pdb,-0.3,-0.26437742,0.035622597
2LZM_A_mutant_R154E.pdb,-0.2,0.5149733,0.7149733
2LZM_A_mutant_R96H.pdb,2.82,3.013304,0.19330406
2LZM_A_mutant_S38D.pdb,-0.22,-0.15286708,0.06713292
2LZM_A_mutant_T152S.pdb,2.6,1.3588195,1.2411804
2LZM_A_mutant_T157A.pdb,0.9,0.7661468,0.1338532
2LZM_A_mutant_T157C.pdb,1.3,0.6124438,0.68755615
2LZM_A_mutant_T157E.pdb,1.3,0.5537094,0.74629056
2LZM_A_mutant_T157F.pdb,2.4,2.0769224,0.32307768
2LZM_A_mutant_T157G.pdb,1.1,1.444765,0.34476495
2LZM_A_mutant_T157H.pdb,2.1,1.4547071,0.64529276
2LZM_A_mutant_T157I.pdb,2.1,1.4783758,0.6216241
2LZM_A_mutant_T157L.pdb,1.7,1.3769741,0.32302594
2LZM_A_mutant_T157N.pdb,1.0,0.76297975,0.23702025
2LZM_A_mutant_T157R.pdb,-0.3,0.50841403,0.80841404
2LZM_A_mutant_T157S.pdb,0.66,0.4660904,0.19390962
2LZM_A_mutant_T157V.pdb,1.6,1.276369,0.32363105
2LZM_A_mutant_V131A.pdb,-0.27,-0.31730768,0.04730767
2LZM_A_mutant_V149A.pdb,3.2,2.0206718,1.1793282
2LZM_A_mutant_V149C.pdb,2.2,1.8737581,0.32624197
2RN2_A_mutant_D134H.pdb,-0.53,-1.250232,0.720232
2RN2_A_mutant_D134A.pdb,-1.51,-1.5173995,0.007399559
2RN2_A_mutant_D70N.pdb,0.3,-0.49466664,0.79466665
2RN2_A_mutant_G77A.pdb,0.9,0.78757405,0.11242592
2RN2_A_mutant_H62P.pdb,-1.1,-0.37385082,0.7261492
2RN2_A_mutant_K95A.pdb,-0.1,-0.7074138,0.60741377
2RN2_A_mutant_K95G.pdb,-1.9,-1.145964,0.75403595
2RN2_A_mutant_K95N.pdb,-0.9,-0.95435286,0.05435288
2RN2_A_mutant_V74I.pdb,-0.7,-0.55539083,0.14460915
1GFU_A_mutant_D110V.pdb,0.17,-0.17030449,0.3403045
2RN2_A_mutant_V74L.pdb,-0.9,-0.99609137,0.09609139
1GOB_A_mutant_A77G.pdb,-0.9,-0.36715776,0.5328422
1HEM_A_mutant_T91S.pdb,0.99,0.586318,0.403682
1HEO_A_mutant_V55I.pdb,-0.91,-1.2000285,0.2900285
1HER_A_mutant_S40T.pdb,-0.27,-0.21603397,0.053966045
1HNL_A_mutant_A77C.pdb,-4.6,-3.1965528,1.4034472
1INU_A_mutant_R110V.pdb,0.89,0.4857283,0.4042717
1KVB_A_mutant_H134D.pdb,0.53,1.2095066,0.67950666
1L00_A_mutant_A105Q.pdb,-0.6,-0.6113297,0.011329651
1L02_A_mutant_A157T.pdb,-0.9,-0.8004571,0.099542856
1L03_A_mutant_C157T.pdb,-1.3,-0.84317553,0.45682442
1L04_A_mutant_D157T.pdb,-1.1,-1.8935466,0.79354656
1L06_A_mutant_E157T.pdb,-1.3,-0.6092799,0.6907201
1L07_A_mutant_F157T.pdb,-2.4,-2.1542768,0.24572325
1L09_A_mutant_H157T.pdb,-2.1,-1.2582824,0.8417175
1L10_A_mutant_I157T.pdb,-2.1,-1.5087795,0.5912204
1L11_A_mutant_L157T.pdb,-1.7,-1.4579636,0.24203646
1L12_A_mutant_N157T.pdb,-1.0,-0.8206618,0.17933822
1L13_A_mutant_R157T.pdb,0.3,-0.63816154,0.93816155
1L14_A_mutant_S157T.pdb,-0.66,-0.52904975,0.13095027
1L15_A_mutant_V157T.pdb,-1.6,-1.490109,0.10989106
1L17_A_mutant_V3I.pdb,-0.4,-0.39971402,0.0002859831
1L18_A_mutant_Y3I.pdb,-2.3,-2.4229164,0.12291646
1L19_A_mutant_D38S.pdb,0.22,0.0008073449,0.21919265
1L20_A_mutant_D144N.pdb,0.4,0.15140387,0.24859613
1L21_A_mutant_G55N.pdb,-0.5,-0.6993271,0.19932711
1L23_A_mutant_A77G.pdb,-0.4,-0.07440898,0.32559103
1L24_A_mutant_P82A.pdb,0.45,-1.1513526,1.6013527
1L34_A_mutant_H96R.pdb,-2.82,-2.8665152,0.046515226
1L38_A_mutant_E123Q.pdb,0.3,0.16845419,0.13154583
1L40_A_mutant_E144N.pdb,0.5,0.48820427,0.011795729
1L42_A_mutant_E16K.pdb,-0.5,0.50488687,1.0048869
1L45_A_mutant_E135K.pdb,-0.2,-0.6343143,0.4343143
1L47_A_mutant_E154R.pdb,0.2,-0.59265363,0.7926536
1L48_A_mutant_V98A.pdb,-4.9,-4.640682,0.25931787
1L53_A_mutant_C149V.pdb,-2.2,-1.3830734,0.8169266
1L54_A_mutant_K102M.pdb,-6.9,-3.698113,3.2018871
1L56_A_mutant_P60K.pdb,0.1,0.09015742,0.009842582
1L60_A_mutant_A113G.pdb,0.3,0.49133185,0.19133183
1L98_A_mutant_E105Q.pdb,-1.1,0.23733935,1.3373394
1LHH_A_mutant_P110V.pdb,0.5,0.055338606,0.44466138
1LAV_A_mutant_L74V.pdb,0.9,0.8113618,0.08863819
1L99_A_mutant_G105Q.pdb,-1.5,-1.853531,0.353531
1LHI_A_mutant_G71P.pdb,-1.6,-0.017234482,1.5827656
1OPD_A_mutant_D46S.pdb,1.4,1.3825758,0.017424226
1LHK_A_mutant_P91D.pdb,-0.4,-0.5038689,0.10386887
1LSN_A_mutant_A91S.pdb,-0.15,-0.13675317,0.013246834
1POH_A_mutant_S46D.pdb,-1.4,-1.3750331,0.024966836
1OUA_A_mutant_T56I.pdb,-3.64,-4.356738,0.716738
1OUC_A_mutant_A110V.pdb,0.53,0.14347404,0.38652593
1QT6_A_mutant_H11E.pdb,0.1,1.1649412,1.0649412
1RBR_A_mutant_P62H.pdb,1.1,0.26479694,0.83520305
1RBT_A_mutant_G95K.pdb,1.9,0.80223167,1.0977683
1RBU_A_mutant_N95K.pdb,0.9,0.6182277,0.28177226
1VQB_A_mutant_I47L.pdb,0.6,0.31434554,0.2856545
1RBV_A_mutant_A95K.pdb,0.1,0.46463427,0.36463428
1RDC_A_mutant_N70D.pdb,-0.3,0.5400933,0.8400933
1N0J_A_mutant_I58T.pdb,2.7,2.7126293,0.012629271
1VQB_A_mutant_I47M.pdb,2.1,0.9323441,1.1676558
1VQB_A_mutant_I47V.pdb,2.5,1.5161663,0.9838337
1VQB_A_mutant_V35I.pdb,0.6,0.2810413,0.31895873
1VQG_A_mutant_L47I.pdb,-0.6,-0.41314632,0.1868537
1VQH_A_mutant_M47I.pdb,-2.1,-1.0655767,1.0344232
1VQI_A_mutant_V47I.pdb,-2.5,-1.6659869,0.8340131
1VQJ_A_mutant_I35V.pdb,-0.6,-0.31670964,0.2832904
1WQM_A_mutant_F124Y.pdb,-0.36,-0.37133697,0.011336952
1WQN_A_mutant_F20Y.pdb,-0.5,-0.40678298,0.093217015
1WQQ_A_mutant_F54Y.pdb,-0.96,-0.8102033,0.14979666
1WQO_A_mutant_F38Y.pdb,-0.19,-0.0825234,0.1074766
1WQR_A_mutant_F63Y.pdb,-0.24,-0.22205883,0.017941162
1YAO_A_mutant_V56I.pdb,-1.2,-1.1818323,0.018167734
1YAP_A_mutant_V59I.pdb,-1.1,-0.95717,0.14283001
1YAQ_A_mutant_V89I.pdb,-0.48,-0.83361554,0.35361555
230L_A_mutant_L6M.pdb,-2.8,-0.40975127,2.3902488
237L_A_mutant_A149V.pdb,-3.2,-0.66615605,2.533844
246L_A_mutant_A67F.pdb,-1.9,-2.7046669,0.8046669
242L_A_mutant_A50I.pdb,-2.0,-2.9453487,0.94534874
247L_A_mutant_A84L.pdb,-3.9,-2.166104,1.733896
253L_A_mutant_A20D.pdb,-0.3,-1.0123281,0.71232814
254L_A_mutant_S20D.pdb,0.7,-0.6995771,1.3995771
255L_A_mutant_N20D.pdb,1.3,0.12817036,1.1718296
2BQB_A_mutant_V106I.pdb,-0.98,-0.93913054,0.040869474
2BQC_A_mutant_V23I.pdb,-0.41,-0.32986724,0.08013275
2BQG_A_mutant_A100V.pdb,-0.57,-0.608287,0.038286984
2BQI_A_mutant_A121V.pdb,-1.75,-1.8326756,0.082675576
2BQK_A_mutant_A130V.pdb,-1.12,-1.0648893,0.055110693
2BQJ_A_mutant_A125V.pdb,-1.6,-1.2459214,0.35407865
2BQM_A_mutant_A74V.pdb,-0.43,-0.29590452,0.13409549
2BQN_A_mutant_A93V.pdb,-1.0,-1.1319563,0.13195634
2BQO_A_mutant_A99V.pdb,-0.89,-0.91432726,0.024327278
2HEB_A_mutant_A23I.pdb,-2.54,-2.773017,0.23301697
2HEA_A_mutant_A106I.pdb,-0.93,-2.2280567,1.2980566
2HEC_A_mutant_A56I.pdb,-3.71,-3.6348174,0.07518268
4LYZ_A_mutant_I55V.pdb,0.91,0.9337592,0.023759186
2HED_A_mutant_A59I.pdb,-1.72,-1.7523105,0.032310486
2HEF_A_mutant_A89I.pdb,-2.7,-2.7639046,0.063904524
2HEE_A_mutant_G59I.pdb,-3.83,-3.6679225,0.16207743
8PTI_A_mutant_G35Y.pdb,-5.0,-5.1821904,0.18219042
4LYZ_A_mutant_S91A.pdb,0.15,0.6151539,0.4651539
4LYZ_A_mutant_T40S.pdb,0.27,0.17062804,0.09937197
4LYZ_A_mutant_S91T.pdb,-0.99,-0.9147974,0.075202584
